"","哎xいカ","哎x_カ","哎蔼动カ","~2011","~2012","~2013","~2014","~2015","~2016","~2017","~2018","~2019","る1","る10","る11","る12","る2","る3","る4","る5","る6","る7","る8","る9","キА放","程蔼放","程C放","矮Bら计","程j10だ牧翻烦t","程j10だ牧翻乏V..","程j俐丁翻烦t","程j俐丁翻乏V..","キА酃锢惬","程p酃锢惬","キА代府鹄","`ら酚杉","矮Bq"
"1",0,1,0,1,0,0,0,0,0,0,0,0,1,0,0,0,0,0,0,0,0,0,0,0,13.7,20.9,7.9,25,8.3,80,15.2,80,83,54,1022.2,17.1,100
"2",0,1,0,1,0,0,0,0,0,0,0,0,0,0,0,0,1,0,0,0,0,0,0,0,16.9,28,10.2,14,8.3,90,14.7,80,78,43,1017,87.8,100
"3",0,1,0,1,0,0,0,0,0,0,0,0,0,0,0,0,0,1,0,0,0,0,0,0,16.2,30.7,10.4,12,8.6,90,17.3,80,74,35,1019.9,55,100
"4",0,1,0,1,0,0,0,0,0,0,0,0,0,0,0,0,0,0,1,0,0,0,0,0,21.7,34.4,13.7,7,9,80,16.9,70,68,18,1013.8,153.1,0
"5",0,1,0,1,0,0,0,0,0,0,0,0,0,0,0,0,0,0,0,1,0,0,0,0,24.8,36.1,17.9,18,9.3,80,16.2,90,78,47,1008.9,94.2,200
"6",0,1,0,1,0,0,0,0,0,0,0,0,0,0,0,0,0,0,0,0,1,0,0,0,29,36.2,23.8,13,8.2,80,18.3,270,74,49,1005.4,145.7,300
"7",0,1,0,1,0,0,0,0,0,0,0,0,0,0,0,0,0,0,0,0,0,1,0,0,29.7,37.7,24.5,14,9.1,110,17.5,90,73,44,1004.3,181.7,300
"8",0,1,0,1,0,0,0,0,0,0,0,0,0,0,0,0,0,0,0,0,0,0,1,0,29.6,37.5,24.2,17,10.2,80,21.4,80,73,39,1004.9,195.7,200
"9",0,1,0,1,0,0,0,0,0,0,0,0,0,0,0,0,0,0,0,0,0,0,0,1,27.6,35.6,22.7,9,9.5,100,21.3,120,71,48,1008.2,170,100
"10",0,1,0,1,0,0,0,0,0,0,0,0,0,1,0,0,0,0,0,0,0,0,0,0,24.1,32.6,19.5,13,8.6,80,19.3,90,77,51,1014.3,53.3,100
"11",0,1,0,1,0,0,0,0,0,0,0,0,0,0,1,0,0,0,0,0,0,0,0,0,22.9,33.5,18,18,10.7,80,18,90,79,51,1015.5,74.5,200
"12",0,1,0,1,0,0,0,0,0,0,0,0,0,0,0,1,0,0,0,0,0,0,0,0,16.7,30.4,10.8,20,7.2,80,13.9,80,83,55,1021.1,23.5,200
"13",0,1,0,0,1,0,0,0,0,0,0,0,1,0,0,0,0,0,0,0,0,0,0,0,15.9,25.7,9.3,16,7.9,90,15.5,80,86,53,1019.3,23,200
"14",0,1,0,0,1,0,0,0,0,0,0,0,0,0,0,0,1,0,0,0,0,0,0,0,16.4,28.4,9.5,15,8.3,90,15.3,80,86,51,1017.5,43.7,300
"15",0,1,0,0,1,0,0,0,0,0,0,0,0,0,0,0,0,1,0,0,0,0,0,0,18.8,30.7,10.7,13,9.7,80,16.6,70,78,34,1016.3,109,100
"16",0,1,0,0,1,0,0,0,0,0,0,0,0,0,0,0,0,0,1,0,0,0,0,0,23.1,34.9,16.7,23,8.8,80,16.9,80,76,48,1011.5,61.2,300
"17",0,1,0,0,1,0,0,0,0,0,0,0,0,0,0,0,0,0,0,1,0,0,0,0,25.9,35.9,19.3,18,7.2,290,16.4,280,71,31,1007.6,127.7,200
"18",0,1,0,0,1,0,0,0,0,0,0,0,0,0,0,0,0,0,0,0,1,0,0,0,27.8,35.8,23.3,16,10.3,110,20.6,80,73,52,1002.9,77,600
"19",0,1,0,0,1,0,0,0,0,0,0,0,0,0,0,0,0,0,0,0,0,1,0,0,30.6,38.3,24.7,8,8.9,140,18.5,80,65,42,1004.3,206.8,200
"20",0,1,0,0,1,0,0,0,0,0,0,0,0,0,0,0,0,0,0,0,0,0,1,0,29.2,37.8,24.1,19,9.4,90,22.2,30,75,48,1001.7,158.7,500
"21",0,1,0,0,1,0,0,0,0,0,0,0,0,0,0,0,0,0,0,0,0,0,0,1,27.3,35.5,19.6,11,8.1,80,16.6,30,70,53,1009.6,140.2,100
"22",0,1,0,0,1,0,0,0,0,0,0,0,0,1,0,0,0,0,0,0,0,0,0,0,24.1,32,18.9,7,7.4,80,14.9,80,67,45,1014.2,154.7,100
"23",0,1,0,0,1,0,0,0,0,0,0,0,0,0,1,0,0,0,0,0,0,0,0,0,21.2,32.1,13.7,15,9,80,16.3,80,74,49,1015.8,80.9,200
"24",0,1,0,0,1,0,0,0,0,0,0,0,0,0,0,1,0,0,0,0,0,0,0,0,17.8,27.8,8.6,18,9.2,80,16.7,80,77,56,1018.6,74.1,200
"25",0,1,0,0,0,1,0,0,0,0,0,0,1,0,0,0,0,0,0,0,0,0,0,0,16.7,27,11.6,13,8.6,80,16.4,90,75,42,1020.3,79.1,100
"26",0,1,0,0,0,1,0,0,0,0,0,0,0,0,0,0,1,0,0,0,0,0,0,0,18.8,28.8,13,5,8.9,80,16.6,80,75,46,1018.5,69.9,0
"27",0,1,0,0,0,1,0,0,0,0,0,0,0,0,0,0,0,1,0,0,0,0,0,0,19.9,29.9,10.4,11,8.3,80,16.7,90,69,32,1015.8,117.7,0
"28",0,1,0,0,0,1,0,0,0,0,0,0,0,0,0,0,0,0,1,0,0,0,0,0,21.1,32.6,13.4,21,8.1,80,15.4,70,74,50,1012.3,53.6,300
"29",0,1,0,0,0,1,0,0,0,0,0,0,0,0,0,0,0,0,0,1,0,0,0,0,26,36.1,14.4,16,7,80,14.6,80,72,48,1008.5,77.4,300
"30",0,1,0,0,0,1,0,0,0,0,0,0,0,0,0,0,0,0,0,0,1,0,0,0,29.2,36.7,22.9,15,8.1,999.9,19,280,69,48,1005.3,107.9,200
"31",0,1,0,0,0,1,0,0,0,0,0,0,0,0,0,0,0,0,0,0,0,1,0,0,29.5,37.9,24.2,11,14.7,80,33.8,50,68,46,1007,156.7,200
"32",0,1,0,0,0,1,0,0,0,0,0,0,0,0,0,0,0,0,0,0,0,0,1,0,29.6,39.3,24.5,13,8.4,120,16.7,110,68,45,1004.6,159.6,800
"33",0,1,0,0,0,1,0,0,0,0,0,0,0,0,0,0,0,0,0,0,0,0,0,1,27.9,35.8,21.2,10,9.2,90,20.9,80,67,48,1008.6,194.1,100
"34",0,1,0,0,0,1,0,0,0,0,0,0,0,1,0,0,0,0,0,0,0,0,0,0,24.2,32.2,17.8,12,8.6,300,21.2,320,68,50,1013.4,97.1,100
"35",0,1,0,0,0,1,0,0,0,0,0,0,0,0,1,0,0,0,0,0,0,0,0,0,21.2,31.6,11.7,11,8.3,80,15.4,70,68,43,1017.7,90.7,0
"36",0,1,0,0,0,1,0,0,0,0,0,0,0,0,0,1,0,0,0,0,0,0,0,0,16.4,26.4,9.9,20,6.7,80,14.2,60,71,44,1019.2,57.6,200
"37",0,1,0,0,0,0,1,0,0,0,0,0,1,0,0,0,0,0,0,0,0,0,0,0,16.8,26.8,10.3,5,6.6,110,14.5,110,62,33,1021.1,144.5,0
"38",0,1,0,0,0,0,1,0,0,0,0,0,0,0,0,0,1,0,0,0,0,0,0,0,16.5,27.5,7.8,14,6.9,80,13.8,80,71,39,1017.7,81.2,200
"39",0,1,0,0,0,0,1,0,0,0,0,0,0,0,0,0,0,1,0,0,0,0,0,0,18.9,32.3,11.8,14,7.4,90,14.1,100,72,46,1017.5,66.9,100
"40",0,1,0,0,0,0,1,0,0,0,0,0,0,0,0,0,0,0,1,0,0,0,0,0,22.5,33.3,16.7,12,8.2,80,14.4,70,77,36,1013.4,99.5,100
"41",0,1,0,0,0,0,1,0,0,0,0,0,0,0,0,0,0,0,0,1,0,0,0,0,25.2,35.6,15.1,21,8.4,260,17.4,280,81,46,1009.6,45.9,600
"42",0,1,0,0,0,0,1,0,0,0,0,0,0,0,0,0,0,0,0,0,1,0,0,0,28,36.3,23.1,20,7.5,80,14.2,270,76,51,1004,57.4,400
"43",0,1,0,0,0,0,1,0,0,0,0,0,0,0,0,0,0,0,0,0,0,1,0,0,30.5,37.8,24.4,9,11.3,100,26.5,90,68,45,1004.5,178.3,200
"44",0,1,0,0,0,0,1,0,0,0,0,0,0,0,0,0,0,0,0,0,0,0,1,0,30.2,37.7,24.7,10,6.5,270,13.1,290,68,45,1006.1,171.3,100
"45",0,1,0,0,0,0,1,0,0,0,0,0,0,0,0,0,0,0,0,0,0,0,0,1,29.7,37.8,23.7,7,9.8,100,20.2,90,71,43,1007.8,201.9,200
"46",0,1,0,0,0,0,1,0,0,0,0,0,0,1,0,0,0,0,0,0,0,0,0,0,24.7,33.7,17.5,6,7.3,80,14.7,80,71,51,1013.9,125.3,0
"47",0,1,0,0,0,0,1,0,0,0,0,0,0,0,1,0,0,0,0,0,0,0,0,0,22.3,31.6,16.8,8,6.6,80,12.9,70,75,53,1014.3,99.3,0
"48",0,1,0,0,0,0,1,0,0,0,0,0,0,0,0,1,0,0,0,0,0,0,0,0,16.5,24.9,11,14,7.7,70,15.9,90,70,40,1019.5,60.5,100
"49",0,1,0,0,0,0,0,1,0,0,0,0,1,0,0,0,0,0,0,0,0,0,0,0,16.7,24.8,10.3,6,7.7,80,15,70,67,39,1018.7,95.7,0
"50",0,1,0,0,0,0,0,1,0,0,0,0,0,0,0,0,1,0,0,0,0,0,0,0,17.3,27.6,9.8,11,8.1,70,14.6,60,72,34,1016.8,78.9,100
"51",0,1,0,0,0,0,0,1,0,0,0,0,0,0,0,0,0,1,0,0,0,0,0,0,18.9,31.7,11.4,13,7.2,80,14.5,70,80,47,1015.5,89.3,200
"52",0,1,0,0,0,0,0,1,0,0,0,0,0,0,0,0,0,0,1,0,0,0,0,0,22.7,34.5,13.6,10,8.6,70,17.6,80,75,20,1011.2,112.9,100
"53",0,1,0,0,0,0,0,1,0,0,0,0,0,0,0,0,0,0,0,1,0,0,0,0,26.1,36.5,18.1,18,7.1,80,14.4,80,78,43,1006.1,82.1,300
"54",0,1,0,0,0,0,0,1,0,0,0,0,0,0,0,0,0,0,0,0,1,0,0,0,30,37.1,24.5,9,8,90,15.5,120,73,47,1004.3,146.9,200
"55",0,1,0,0,0,0,0,1,0,0,0,0,0,0,0,0,0,0,0,0,0,1,0,0,30,37.5,24.2,13,7.8,260,19,350,72,43,1001.2,169.4,300
"56",0,1,0,0,0,0,0,1,0,0,0,0,0,0,0,0,0,0,0,0,0,0,1,0,28.6,36.2,23.9,23,15.9,80,39.2,90,76,48,1002.3,121.8,700
"57",0,1,0,0,0,0,0,1,0,0,0,0,0,0,0,0,0,0,0,0,0,0,0,1,27.4,36.6,22.4,14,14.4,10,37.1,20,74,48,1006.8,151.2,300
"58",0,1,0,0,0,0,0,1,0,0,0,0,0,1,0,0,0,0,0,0,0,0,0,0,25.2,34.3,20.4,11,7.9,60,15.5,50,78,56,1011.5,111.6,100
"59",0,1,0,0,0,0,0,1,0,0,0,0,0,0,1,0,0,0,0,0,0,0,0,0,23.5,33.1,13.5,9,7.8,50,15.7,50,79,53,1014.7,107.2,0
"60",0,1,0,0,0,0,0,1,0,0,0,0,0,0,0,1,0,0,0,0,0,0,0,0,18.9,30.5,11.3,11,8.1,60,15,50,79,53,1017.9,39.3,100
"61",0,1,0,0,0,0,0,0,1,0,0,0,1,0,0,0,0,0,0,0,0,0,0,0,16.2,24.5,4,20,7.7,50,15.5,70,84,58,1017.8,27.1,300
"62",0,1,0,0,0,0,0,0,1,0,0,0,0,0,0,0,1,0,0,0,0,0,0,0,15.5,30.5,6.1,17,7.5,60,15.8,70,80,29,1019.4,80.1,100
"63",0,1,0,0,0,0,0,0,1,0,0,0,0,0,0,0,0,1,0,0,0,0,0,0,17.5,29.4,9.4,19,7.3,60,15.2,60,75,33,1015.1,90.3,300
"64",0,1,0,0,0,0,0,0,1,0,0,0,0,0,0,0,0,0,1,0,0,0,0,0,24,33.2,17.1,14,7.6,50,17,310,76,44,1009.2,81.9,200
"65",0,1,0,0,0,0,0,0,1,0,0,0,0,0,0,0,0,0,0,1,0,0,0,0,27.1,37.3,19,15,7.5,50,14.6,50,71,47,1007.5,104,200
"66",0,1,0,0,0,0,0,0,1,0,0,0,0,0,0,0,0,0,0,0,1,0,0,0,29.4,38.7,24.1,21,6.9,120,14.5,270,72,37,1004.6,125.6,400
"67",0,1,0,0,0,0,0,0,1,0,0,0,0,0,0,0,0,0,0,0,0,1,0,0,30.3,38.5,23.9,13,8.7,50,19.1,50,70,36,1003.5,192.7,200
"68",0,1,0,0,0,0,0,0,1,0,0,0,0,0,0,0,0,0,0,0,0,0,1,0,30.1,37.8,24.6,14,8.2,100,19.6,90,67,38,1000.5,187.5,100
"69",0,1,0,0,0,0,0,0,1,0,0,0,0,0,0,0,0,0,0,0,0,0,0,1,27.8,35.9,23.6,22,13.6,50,37.7,10,76,44,1003.4,90.8,400
"70",0,1,0,0,0,0,0,0,1,0,0,0,0,1,0,0,0,0,0,0,0,0,0,0,27,35.4,21.4,16,8.3,100,20.8,80,75,43,1008.4,132.1,100
"71",0,1,0,0,0,0,0,0,1,0,0,0,0,0,1,0,0,0,0,0,0,0,0,0,22.6,32.5,17.6,11,8.1,50,18.6,50,74,45,1014.3,86.4,100
"72",0,1,0,0,0,0,0,0,1,0,0,0,0,0,0,1,0,0,0,0,0,0,0,0,20.1,30.6,12.6,6,8.2,50,15.4,50,71,42,1016.7,84.8,0
"73",0,1,0,0,0,0,0,0,0,1,0,0,1,0,0,0,0,0,0,0,0,0,0,0,18.3,27.3,12.2,11,8.4,50,15.9,40,74,49,1017.4,79.2,0
"74",0,1,0,0,0,0,0,0,0,1,0,0,0,0,0,0,1,0,0,0,0,0,0,0,17,27.9,10.4,8,8.6,50,17.1,50,69,37,1017.9,70,100
"75",0,1,0,0,0,0,0,0,0,1,0,0,0,0,0,0,0,1,0,0,0,0,0,0,18.2,29.3,12,18,7.5,50,15.3,50,75,42,1014,60.8,200
"76",0,1,0,0,0,0,0,0,0,1,0,0,0,0,0,0,0,0,1,0,0,0,0,0,22.5,35.5,11.5,13,7.3,50,13.9,50,66,26,1010.1,105.6,100
"77",0,1,0,0,0,0,0,0,0,1,0,0,0,0,0,0,0,0,0,1,0,0,0,0,25.6,35,19.7,16,8.6,50,14.5,60,73,42,1007.3,83.8,100
"78",0,1,0,0,0,0,0,0,0,1,0,0,0,0,0,0,0,0,0,0,1,0,0,0,28,35.6,22,16,6.3,250,13.6,240,75,44,1004,83.8,600
"79",0,1,0,0,0,0,0,0,0,1,0,0,0,0,0,0,0,0,0,0,0,1,0,0,30.3,38,24.2,12,14.3,50,41.9,60,64,42,1004.4,165.3,200
"80",0,1,0,0,0,0,0,0,0,1,0,0,0,0,0,0,0,0,0,0,0,0,1,0,31.1,38.5,25.4,11,7.7,50,16,70,64,42,1003.3,208.3,200
"81",0,1,0,0,0,0,0,0,0,1,0,0,0,0,0,0,0,0,0,0,0,0,0,1,29.6,38.6,23.2,9,7.7,50,15.9,50,65,35,1006,167.3,200
"82",0,1,0,0,0,0,0,0,0,1,0,0,0,1,0,0,0,0,0,0,0,0,0,0,25.6,36.8,18.7,22,8.1,50,17.9,50,73,43,1010.2,101,400
"83",0,1,0,0,0,0,0,0,0,1,0,0,0,0,1,0,0,0,0,0,0,0,0,0,22.5,32.4,16.2,19,7,50,14.2,50,77,54,1013.7,55.6,100
"84",0,1,0,0,0,0,0,0,0,1,0,0,0,0,0,1,0,0,0,0,0,0,0,0,17.8,26.4,12.7,18,8,50,15.9,60,74,46,1017.9,56.4,100
"85",0,1,0,0,0,0,0,0,0,0,1,0,1,0,0,0,0,0,0,0,0,0,0,0,16.9,26.6,8.6,13,7.8,50,15.5,50,79,40,1015.8,78.6,300
"86",0,1,0,0,0,0,0,0,0,0,1,0,0,0,0,0,1,0,0,0,0,0,0,0,15.6,29.5,7.6,15,8.3,40,15.7,40,79,33,1017,54.5,200
"87",0,1,0,0,0,0,0,0,0,0,1,0,0,0,0,0,0,1,0,0,0,0,0,0,20.6,30.7,11,10,7,70,13.9,40,69,26,1013.2,161.1,0
"88",0,1,0,0,0,0,0,0,0,0,1,0,0,0,0,0,0,0,1,0,0,0,0,0,23.5,34.3,13.6,9,7.6,50,15,50,66,34,1011,115.8,100
"89",0,1,0,0,0,0,0,0,0,0,1,0,0,0,0,0,0,0,0,1,0,0,0,0,28.2,38.2,20,4,7.5,80,14.4,80,64,36,1007.4,137.3,0
"90",0,1,0,0,0,0,0,0,0,0,1,0,0,0,0,0,0,0,0,0,1,0,0,0,28.5,37.8,22.2,13,7.6,80,14.3,80,69,36,1002.5,105.7,100
"91",0,1,0,0,0,0,0,0,0,0,1,0,0,0,0,0,0,0,0,0,0,1,0,0,30.3,38.5,24.9,8,8.9,310,20.9,310,65,39,1000.8,186.1,200
"92",0,1,0,0,0,0,0,0,0,0,1,0,0,0,0,0,0,0,0,0,0,0,1,0,29.5,37.2,24.3,19,8,90,13.8,60,70,42,999.2,128,200
"93",0,1,0,0,0,0,0,0,0,0,1,0,0,0,0,0,0,0,0,0,0,0,0,1,28.2,37.8,20.4,18,8.5,80,19.7,80,70,41,1005.8,148.1,300
"94",0,1,0,0,0,0,0,0,0,0,1,0,0,1,0,0,0,0,0,0,0,0,0,0,23.3,31.2,16.1,19,8.8,90,16.9,90,71,30,1012.6,103.8,100
"95",0,1,0,0,0,0,0,0,0,0,1,0,0,0,1,0,0,0,0,0,0,0,0,0,22.7,30.8,16.8,13,7.6,90,14.6,80,74,40,1014.5,91,100
"96",0,1,0,0,0,0,0,0,0,0,1,0,0,0,0,1,0,0,0,0,0,0,0,0,19.5,30.5,12.3,16,7.7,80,14.9,80,75,33,1017.3,91.1,100
"97",0,1,0,0,0,0,0,0,0,0,0,1,1,0,0,0,0,0,0,0,0,0,0,0,18.5,28.6,11.9,10,8.1,80,15.2,70,74,43,1018.5,78,0
"98",0,1,0,0,0,0,0,0,0,0,0,1,0,0,0,0,1,0,0,0,0,0,0,0,18.8,31.3,13.7,9,7.8,70,14.2,60,79,28,1016,55.5,100
"99",0,1,0,0,0,0,0,0,0,0,0,1,0,0,0,0,0,1,0,0,0,0,0,0,19.8,32.9,12.1,16,8.5,80,15.9,100,75,34,1012.9,76.3,200
"100",0,1,0,0,0,0,0,0,0,0,0,1,0,0,0,0,0,0,1,0,0,0,0,0,24.2,35.9,15.2,13,8.2,80,14.3,70,76,34,1009.1,105,100
"101",0,1,0,0,0,0,0,0,0,0,0,1,0,0,0,0,0,0,0,1,0,0,0,0,25,35.1,17.9,17,7.3,80,12.7,60,77,33,1006.9,80.3,300
"102",0,1,0,0,0,0,0,0,0,0,0,1,0,0,0,0,0,0,0,0,1,0,0,0,28.5,36.9,22.3,16,7,280,16.1,270,77,36,1002.7,91.4,400
"103",0,1,0,0,0,0,0,0,0,0,0,1,0,0,0,0,0,0,0,0,0,1,0,0,30.3,37.4,24.8,16,8,90,16.5,290,73,37,1001.6,145.5,400
"104",0,1,0,0,0,0,0,0,0,0,0,1,0,0,0,0,0,0,0,0,0,0,1,0,30.5,37.8,25.1,15,8.7,90,21.7,270,72,37,999.5,186.8,200
"105",0,1,0,0,0,0,0,0,0,0,0,1,0,0,0,0,0,0,0,0,0,0,0,1,27.3,36.1,19.8,15,9,310,22.4,320,79,37,1006,139.7,400
"106",0,1,0,0,0,0,0,0,0,0,0,1,0,1,0,0,0,0,0,0,0,0,0,0,25.3,34.8,19.9,8,7.9,90,17.1,320,74,37,1011.9,159,0
"107",0,1,0,0,0,0,0,0,0,0,0,1,0,0,1,0,0,0,0,0,0,0,0,0,22,31.1,16,11,8.2,90,16.6,80,75,36,1014.3,102.9,0
"108",0,1,0,0,0,0,0,0,0,0,0,1,0,0,0,1,0,0,0,0,0,0,0,0,19.1,29.5,11.6,9,7.9,100,14.9,100,77,31,1017.4,80.8,100
"109",1,0,0,1,0,0,0,0,0,0,0,0,1,0,0,0,0,0,0,0,0,0,0,0,14.9,23.3,7.9,5,6.6,30,15.4,40,74,40,1009.7,129.1,0
"110",1,0,0,1,0,0,0,0,0,0,0,0,0,0,0,0,1,0,0,0,0,0,0,0,17.2,27.8,10.3,8,5.8,10,14.1,30,74,34,1006.5,162.4,0
"111",1,0,0,1,0,0,0,0,0,0,0,0,0,0,0,0,0,1,0,0,0,0,0,0,18.2,30.5,11.6,8,6.2,20,12.1,330,69,31,1008,109.6,0
"112",1,0,0,1,0,0,0,0,0,0,0,0,0,0,0,0,0,0,1,0,0,0,0,0,23.1,33.1,15.3,5,4.3,30,10,30,64,29,1004,150.6,0
"113",1,0,0,1,0,0,0,0,0,0,0,0,0,0,0,0,0,0,0,1,0,0,0,0,26,35.6,20.1,16,6.8,20,16.4,200,74,38,999.7,118.8,100
"114",1,0,0,1,0,0,0,0,0,0,0,0,0,0,0,0,0,0,0,0,1,0,0,0,29.1,35.7,23.1,11,5,180,12.5,200,71,49,997.3,182.8,200
"115",1,0,0,1,0,0,0,0,0,0,0,0,0,0,0,0,0,0,0,0,0,1,0,0,28.8,35.3,23.7,13,5.8,240,12.1,260,73,48,996.3,188.5,300
"116",1,0,0,1,0,0,0,0,0,0,0,0,0,0,0,0,0,0,0,0,0,0,1,0,29.1,35.1,23.9,12,5.7,200,12.7,200,72,47,996.3,169.6,300
"117",1,0,0,1,0,0,0,0,0,0,0,0,0,0,0,0,0,0,0,0,0,0,0,1,28.1,34.3,22.6,9,4.9,30,11.9,170,70,47,998.6,172.6,100
"118",1,0,0,1,0,0,0,0,0,0,0,0,0,1,0,0,0,0,0,0,0,0,0,0,26,32.8,20.3,5,5.3,30,10.3,330,70,45,1003.2,188.6,0
"119",1,0,0,1,0,0,0,0,0,0,0,0,0,0,1,0,0,0,0,0,0,0,0,0,23.8,32.5,17.5,10,5.1,10,10.4,350,78,48,1004.7,130.1,200
"120",1,0,0,1,0,0,0,0,0,0,0,0,0,0,0,1,0,0,0,0,0,0,0,0,17.8,27.5,9.6,7,6.1,10,11.4,360,72,43,1008.7,139.4,0
"121",1,0,0,0,1,0,0,0,0,0,0,0,1,0,0,0,0,0,0,0,0,0,0,0,16.6,25.9,10.8,10,5,10,10.9,360,75,47,1008,142.9,100
"122",1,0,0,0,1,0,0,0,0,0,0,0,0,0,0,0,1,0,0,0,0,0,0,0,16.7,28.6,10.1,10,5.7,10,12.6,340,75,44,1006.4,104.1,100
"123",1,0,0,0,1,0,0,0,0,0,0,0,0,0,0,0,0,1,0,0,0,0,0,0,19.8,32.2,12,5,5.6,10,13.6,360,75,36,1005.5,165.7,0
"124",1,0,0,0,1,0,0,0,0,0,0,0,0,0,0,0,0,0,1,0,0,0,0,0,24.6,33.7,17.2,17,5,210,13.9,190,75,44,1002.2,88.7,200
"125",1,0,0,0,1,0,0,0,0,0,0,0,0,0,0,0,0,0,0,1,0,0,0,0,26.9,33.8,21.6,14,5.3,220,14.6,220,74,34,998.4,170.3,300
"126",1,0,0,0,1,0,0,0,0,0,0,0,0,0,0,0,0,0,0,0,1,0,0,0,27.8,34.4,23.1,18,6.9,170,17.7,140,79,49,994.4,134.1,300
"127",1,0,0,0,1,0,0,0,0,0,0,0,0,0,0,0,0,0,0,0,0,1,0,0,29.1,34.9,24,14,5.1,220,13.2,210,73,49,996.1,204.2,200
"128",1,0,0,0,1,0,0,0,0,0,0,0,0,0,0,0,0,0,0,0,0,0,1,0,28,35.1,23.5,21,8.2,10,22,40,77,46,993.3,96.4,700
"129",1,0,0,0,1,0,0,0,0,0,0,0,0,0,0,0,0,0,0,0,0,0,0,1,27.6,34.5,20.8,5,7.8,10,20.5,40,69,34,999.8,190.1,0
"130",1,0,0,0,1,0,0,0,0,0,0,0,0,1,0,0,0,0,0,0,0,0,0,0,24.9,31.9,19.1,3,6.6,10,13.4,30,64,40,1003.5,222.9,0
"131",1,0,0,0,1,0,0,0,0,0,0,0,0,0,1,0,0,0,0,0,0,0,0,0,22.3,32.2,14.2,11,5,10,10.3,20,71,37,1005.4,132.6,100
"132",1,0,0,0,1,0,0,0,0,0,0,0,0,0,0,1,0,0,0,0,0,0,0,0,18.4,28.3,9,13,6.1,10,13.5,10,73,41,1007.3,143.6,100
"133",1,0,0,0,0,1,0,0,0,0,0,0,1,0,0,0,0,0,0,0,0,0,0,0,16.9,26.5,10.4,8,6.1,10,14.7,10,74,32,1009.1,184.2,0
"134",1,0,0,0,0,1,0,0,0,0,0,0,0,0,0,0,1,0,0,0,0,0,0,0,19.4,29.3,13.9,2,5.5,360,13.1,350,74,39,1007.9,174.7,0
"135",1,0,0,0,0,1,0,0,0,0,0,0,0,0,0,0,0,1,0,0,0,0,0,0,21,30,11.6,14,5,350,11.4,330,72,24,1005.6,175.5,100
"136",1,0,0,0,0,1,0,0,0,0,0,0,0,0,0,0,0,0,1,0,0,0,0,0,22.2,31.2,14.8,21,5.5,10,11.9,30,79,48,1002.5,69.5,300
"137",1,0,0,0,0,1,0,0,0,0,0,0,0,0,0,0,0,0,0,1,0,0,0,0,26.4,34.1,19.1,18,4.8,170,12,180,75,48,999.8,111.1,400
"138",1,0,0,0,0,1,0,0,0,0,0,0,0,0,0,0,0,0,0,0,1,0,0,0,28.8,34.6,24.2,14,5.3,220,13.8,230,72,48,997.4,153.4,100
"139",1,0,0,0,0,1,0,0,0,0,0,0,0,0,0,0,0,0,0,0,0,1,0,0,28.1,35.1,22.6,21,8.6,230,25.2,230,74,43,998.9,193.7,500
"140",1,0,0,0,0,1,0,0,0,0,0,0,0,0,0,0,0,0,0,0,0,0,1,0,28.2,34.7,22.2,14,6.6,180,13.7,330,77,48,996.6,151.5,800
"141",1,0,0,0,0,1,0,0,0,0,0,0,0,0,0,0,0,0,0,0,0,0,0,1,27.8,34,20.6,6,4.9,10,10.3,320,73,40,998.4,169,0
"142",1,0,0,0,0,1,0,0,0,0,0,0,0,1,0,0,0,0,0,0,0,0,0,0,24.9,33.7,16.2,1,6.6,10,15,30,65,39,1002.3,242.3,0
"143",1,0,0,0,0,1,0,0,0,0,0,0,0,0,1,0,0,0,0,0,0,0,0,0,22.1,32.2,9.9,6,6.3,350,11.6,10,68,29,1006.7,136.3,0
"144",1,0,0,0,0,1,0,0,0,0,0,0,0,0,0,1,0,0,0,0,0,0,0,0,17.1,28.4,9.1,15,5.8,10,13.4,350,70,19,1007.7,128.2,100
"145",1,0,0,0,0,0,1,0,0,0,0,0,1,0,0,0,0,0,0,0,0,0,0,0,16.4,26.4,7.2,1,6.1,10,13.2,360,66,26,1009.9,236.9,0
"146",1,0,0,0,0,0,1,0,0,0,0,0,0,0,0,0,1,0,0,0,0,0,0,0,17,29.1,6.7,12,5.6,10,11.5,360,74,33,1006.9,137.9,0
"147",1,0,0,0,0,0,1,0,0,0,0,0,0,0,0,0,0,1,0,0,0,0,0,0,19.8,31.8,13.4,13,5.3,10,10.9,350,72,45,1007,108.6,100
"148",1,0,0,0,0,0,1,0,0,0,0,0,0,0,0,0,0,0,1,0,0,0,0,0,24.1,32.5,17.1,8,5.8,360,11.3,360,69,40,1003.4,143.6,0
"149",1,0,0,0,0,0,1,0,0,0,0,0,0,0,0,0,0,0,0,1,0,0,0,0,25.8,33.7,16.5,22,6,10,12.5,30,78,48,1000.9,75.8,700
"150",1,0,0,0,0,0,1,0,0,0,0,0,0,0,0,0,0,0,0,0,1,0,0,0,28.6,34.9,23,15,5,200,11.4,200,74,48,995.4,152.1,200
"151",1,0,0,0,0,0,1,0,0,0,0,0,0,0,0,0,0,0,0,0,0,1,0,0,30.1,36.4,23.9,10,7.9,180,22.2,170,71,41,995.9,207,100
"152",1,0,0,0,0,0,1,0,0,0,0,0,0,0,0,0,0,0,0,0,0,0,1,0,28.9,35.1,23.6,12,4.8,180,11.6,160,76,41,998.1,172.9,300
"153",1,0,0,0,0,0,1,0,0,0,0,0,0,0,0,0,0,0,0,0,0,0,0,1,29.2,36.5,23.7,8,4.9,350,10.3,250,74,47,998.8,183.6,0
"154",1,0,0,0,0,0,1,0,0,0,0,0,0,1,0,0,0,0,0,0,0,0,0,0,25.6,33.7,18.8,0,7.2,360,16.5,20,65,41,1003.6,256.1,0
"155",1,0,0,0,0,0,1,0,0,0,0,0,0,0,1,0,0,0,0,0,0,0,0,0,23.1,30.9,16.7,1,5.7,360,12.6,350,72,39,1006,172.3,0
"156",1,0,0,0,0,0,1,0,0,0,0,0,0,0,0,1,0,0,0,0,0,0,0,0,17.1,26.9,8.7,11,5.8,10,12.9,20,71,35,1010.1,116.1,0
"157",1,0,0,0,0,0,0,1,0,0,0,0,1,0,0,0,0,0,0,0,0,0,0,0,17.1,28.7,8.2,6,5.5,350,11.2,10,68,29,1009.9,203.5,0
"158",1,0,0,0,0,0,0,1,0,0,0,0,0,0,0,0,1,0,0,0,0,0,0,0,18.1,28.9,9.6,4,6.2,10,14.4,350,71,26,1008.8,160.3,0
"159",1,0,0,0,0,0,0,1,0,0,0,0,0,0,0,0,0,1,0,0,0,0,0,0,20.7,34.7,13,10,5.6,350,11.4,10,74,28,1007.6,143.7,0
"160",1,0,0,0,0,0,0,1,0,0,0,0,0,0,0,0,0,0,1,0,0,0,0,0,24.4,34.1,12.4,7,5.1,240,10.3,300,68,22,1004.1,204,0
"161",1,0,0,0,0,0,0,1,0,0,0,0,0,0,0,0,0,0,0,1,0,0,0,0,26.9,34.7,21.7,15,4.7,240,9.4,230,77,43,1000,120.9,700
"162",1,0,0,0,0,0,0,1,0,0,0,0,0,0,0,0,0,0,0,0,1,0,0,0,29.7,35.5,23.2,6,4.6,210,10.4,230,71,52,998.9,240.1,100
"163",1,0,0,0,0,0,0,1,0,0,0,0,0,0,0,0,0,0,0,0,0,1,0,0,29.2,35.6,23,12,6.1,360,14.7,350,71,40,995.6,164.3,100
"164",1,0,0,0,0,0,0,1,0,0,0,0,0,0,0,0,0,0,0,0,0,0,1,0,28,35.5,22.9,15,11.4,350,30.5,160,76,47,995.8,132,400
"165",1,0,0,0,0,0,0,1,0,0,0,0,0,0,0,0,0,0,0,0,0,0,0,1,27.8,33.8,22.9,6,11.1,340,30.3,350,72,37,999.8,187.3,200
"166",1,0,0,0,0,0,0,1,0,0,0,0,0,1,0,0,0,0,0,0,0,0,0,0,26.2,33.5,19.9,7,4.3,360,9.7,350,72,45,1003.5,172.3,0
"167",1,0,0,0,0,0,0,1,0,0,0,0,0,0,1,0,0,0,0,0,0,0,0,0,24.3,32.9,13.9,1,6.2,360,12.4,350,71,42,1007,198.4,0
"168",1,0,0,0,0,0,0,1,0,0,0,0,0,0,0,1,0,0,0,0,0,0,0,0,19.6,29.4,11.1,9,5.9,10,14,350,73,48,1009.3,152.4,100
"169",1,0,0,0,0,0,0,0,1,0,0,0,1,0,0,0,0,0,0,0,0,0,0,0,16.8,27.3,4.4,18,6.3,10,16.6,350,79,33,1009.6,106.2,200
"170",1,0,0,0,0,0,0,0,1,0,0,0,0,0,0,0,1,0,0,0,0,0,0,0,16.4,31.4,7.5,11,6.7,360,16.5,360,72,24,1010.8,100.6,0
"171",1,0,0,0,0,0,0,0,1,0,0,0,0,0,0,0,0,1,0,0,0,0,0,0,18.3,28.9,9.4,16,5.4,360,11.2,360,76,25,1007.4,109.8,200
"172",1,0,0,0,0,0,0,0,1,0,0,0,0,0,0,0,0,0,1,0,0,0,0,0,24.9,33.2,17.3,10,5.2,10,13.4,320,77,44,1002.5,131.4,200
"173",1,0,0,0,0,0,0,0,1,0,0,0,0,0,0,0,0,0,0,1,0,0,0,0,27.6,35.6,19.8,8,5,170,10.2,240,75,49,1000.8,159.8,100
"174",1,0,0,0,0,0,0,0,1,0,0,0,0,0,0,0,0,0,0,0,1,0,0,0,28.8,35.5,23.9,17,5,200,14,180,77,51,999.4,181.9,200
"175",1,0,0,0,0,0,0,0,1,0,0,0,0,0,0,0,0,0,0,0,0,1,0,0,29.4,36.2,23.5,14,5.6,190,12.6,240,73,45,997.7,222.1,200
"176",1,0,0,0,0,0,0,0,1,0,0,0,0,0,0,0,0,0,0,0,0,0,1,0,28.9,35,23.9,15,4.5,180,10.8,340,77,48,994.5,152.4,200
"177",1,0,0,0,0,0,0,0,1,0,0,0,0,0,0,0,0,0,0,0,0,0,0,1,27.9,35.9,23.5,18,13.6,360,34.2,320,77,35,996.5,139.6,100
"178",1,0,0,0,0,0,0,0,1,0,0,0,0,1,0,0,0,0,0,0,0,0,0,0,27.5,33.4,22.5,7,5.2,20,10.1,240,77,49,1000.9,169.3,0
"179",1,0,0,0,0,0,0,0,1,0,0,0,0,0,1,0,0,0,0,0,0,0,0,0,23.4,32.5,16.8,9,5,10,11,10,75,36,1006,148.2,100
"180",1,0,0,0,0,0,0,0,1,0,0,0,0,0,0,1,0,0,0,0,0,0,0,0,20.4,30.8,13.3,1,6,10,13.2,340,74,35,1007.9,186.9,0
"181",1,0,0,0,0,0,0,0,0,1,0,0,1,0,0,0,0,0,0,0,0,0,0,0,18.9,29,11.6,2,5,350,10,360,75,37,1008.9,196.9,0
"182",1,0,0,0,0,0,0,0,0,1,0,0,0,0,0,0,1,0,0,0,0,0,0,0,18,29.8,9.9,5,5.9,10,13.2,10,71,37,1009.4,135.4,0
"183",1,0,0,0,0,0,0,0,0,1,0,0,0,0,0,0,0,1,0,0,0,0,0,0,20.2,30.2,12.9,9,6,20,14,350,73,31,1006.1,146.8,0
"184",1,0,0,0,0,0,0,0,0,1,0,0,0,0,0,0,0,0,1,0,0,0,0,0,23.2,33.7,11.9,10,5,360,11.3,360,73,26,1003.3,149.6,100
"185",1,0,0,0,0,0,0,0,0,1,0,0,0,0,0,0,0,0,0,1,0,0,0,0,26.7,34.9,18.9,8,4.6,20,8.9,20,75,43,1000.5,133.1,100
"186",1,0,0,0,0,0,0,0,0,1,0,0,0,0,0,0,0,0,0,0,1,0,0,0,27.9,35.9,22.5,15,6.4,210,20.6,210,81,48,998.7,144.4,900
"187",1,0,0,0,0,0,0,0,0,1,0,0,0,0,0,0,0,0,0,0,0,1,0,0,28.7,35.1,23.4,15,6.6,180,20.8,160,78,51,998.5,189.9,300
"188",1,0,0,0,0,0,0,0,0,1,0,0,0,0,0,0,0,0,0,0,0,0,1,0,29.4,35.6,23.7,9,4.5,240,10.9,250,77,51,997.6,188,100
"189",1,0,0,0,0,0,0,0,0,1,0,0,0,0,0,0,0,0,0,0,0,0,0,1,29.3,35.5,24.5,2,5.7,20,11.1,10,74,41,999.7,195.3,0
"190",1,0,0,0,0,0,0,0,0,1,0,0,0,1,0,0,0,0,0,0,0,0,0,0,26.5,38.3,17.6,5,6.3,20,13.8,10,72,41,1001.4,202.1,100
"191",1,0,0,0,0,0,0,0,0,1,0,0,0,0,1,0,0,0,0,0,0,0,0,0,23.3,31.3,17.4,5,6.1,20,14.1,30,79,46,1005.2,143.8,0
"192",1,0,0,0,0,0,0,0,0,1,0,0,0,0,0,1,0,0,0,0,0,0,0,0,18.5,27.1,11.7,4,6.8,20,14.4,10,76,45,1008.4,156.7,0
"193",1,0,0,0,0,0,0,0,0,0,1,0,1,0,0,0,0,0,0,0,0,0,0,0,17.3,27.2,6.1,13,5.5,360,12.8,10,81,27,1007.3,127.4,100
"194",1,0,0,0,0,0,0,0,0,0,1,0,0,0,0,0,1,0,0,0,0,0,0,0,16.5,30.5,7.9,8,6,20,12.1,20,79,37,1008.5,117.3,0
"195",1,0,0,0,0,0,0,0,0,0,1,0,0,0,0,0,0,1,0,0,0,0,0,0,20.8,31.9,10.9,3,5.7,10,11.1,360,73,21,1005.7,213,0
"196",1,0,0,0,0,0,0,0,0,0,1,0,0,0,0,0,0,0,1,0,0,0,0,0,24.3,33.4,14.7,4,5.8,20,11.9,190,71,36,1003.8,155.7,0
"197",1,0,0,0,0,0,0,0,0,0,1,0,0,0,0,0,0,0,0,1,0,0,0,0,28.3,36.3,20.3,3,4.4,170,9.8,340,74,49,1001,218.8,100
"198",1,0,0,0,0,0,0,0,0,0,1,0,0,0,0,0,0,0,0,0,1,0,0,0,28.7,35.8,24,10,6.4,20,13.4,40,76,45,996,158.9,200
"199",1,0,0,0,0,0,0,0,0,0,1,0,0,0,0,0,0,0,0,0,0,1,0,0,28.6,35.4,23.7,15,6,170,11.5,30,82,56,995,146.1,300
"200",1,0,0,0,0,0,0,0,0,0,1,0,0,0,0,0,0,0,0,0,0,0,1,0,27.9,35.1,23.6,20,5.3,180,11,150,83,55,993.3,112,400
"201",1,0,0,0,0,0,0,0,0,0,1,0,0,0,0,0,0,0,0,0,0,0,0,1,28.3,35.2,22.4,7,6.3,10,16.5,350,74,40,998.4,203.3,0
"202",1,0,0,0,0,0,0,0,0,0,1,0,0,1,0,0,0,0,0,0,0,0,0,0,24.9,32.6,15.6,2,6.9,10,15.9,10,68,30,1003.9,221.8,0
"203",1,0,0,0,0,0,0,0,0,0,1,0,0,0,1,0,0,0,0,0,0,0,0,0,23.4,31.7,16.4,4,4.6,10,10.8,350,75,43,1006.5,158.2,0
"204",1,0,0,0,0,0,0,0,0,0,1,0,0,0,0,1,0,0,0,0,0,0,0,0,20.8,31.7,13.5,1,5.6,350,12,350,72,30,1008.3,191.3,0
"205",1,0,0,0,0,0,0,0,0,0,0,1,1,0,0,0,0,0,0,0,0,0,0,0,19.3,31,11.1,4,4.8,350,10.9,360,75,35,1010.1,172.9,0
"206",1,0,0,0,0,0,0,0,0,0,0,1,0,0,0,0,1,0,0,0,0,0,0,0,20.5,31.7,14.3,1,4.7,360,11.1,320,75,26,1008.2,173.4,0
"207",1,0,0,0,0,0,0,0,0,0,0,1,0,0,0,0,0,1,0,0,0,0,0,0,21.1,32.3,12.3,13,5,350,13.3,180,79,39,1005.3,141.6,200
"208",1,0,0,0,0,0,0,0,0,0,0,1,0,0,0,0,0,0,1,0,0,0,0,0,24.7,33.3,16.7,10,5.1,170,11.8,230,79,51,1002.4,169.3,100
"209",1,0,0,0,0,0,0,0,0,0,0,1,0,0,0,0,0,0,0,1,0,0,0,0,25.4,33.7,18.9,18,5.1,170,14.2,10,82,52,999.8,87.2,500
"210",1,0,0,0,0,0,0,0,0,0,0,1,0,0,0,0,0,0,0,0,1,0,0,0,28.2,35.6,22.5,15,4.5,170,12.3,320,79,47,997.1,123.2,500
"211",1,0,0,0,0,0,0,0,0,0,0,1,0,0,0,0,0,0,0,0,0,1,0,0,29.4,36.6,23.1,13,6.5,190,15.4,160,79,53,996.2,165.2,200
"212",1,0,0,0,0,0,0,0,0,0,0,1,0,0,0,0,0,0,0,0,0,0,1,0,28.4,36,23.8,24,5.3,350,12.9,340,86,49,993.5,93,800
"213",1,0,0,0,0,0,0,0,0,0,0,1,0,0,0,0,0,0,0,0,0,0,0,1,27.7,35.6,21.8,7,6.9,10,17.6,20,78,49,998.4,150.5,100
"214",1,0,0,0,0,0,0,0,0,0,0,1,0,1,0,0,0,0,0,0,0,0,0,0,26.1,33.6,20.4,1,4.8,350,10.9,340,71,44,1003.9,214.2,0
"215",1,0,0,0,0,0,0,0,0,0,0,1,0,0,1,0,0,0,0,0,0,0,0,0,23,31.1,16.5,0,5.2,350,11.1,350,69,34,1005.2,239.3,0
"216",1,0,0,0,0,0,0,0,0,0,0,1,0,0,0,1,0,0,0,0,0,0,0,0,19.3,29.5,12,5,6.3,10,14.3,30,75,38,1008.7,204.5,100
"217",0,0,1,1,0,0,0,0,0,0,0,0,1,0,0,0,0,0,0,0,0,0,0,0,17.5,25,11.3,5,6.6,10,13.9,340,72,39,1018.4,130.2,0
"218",0,0,1,1,0,0,0,0,0,0,0,0,0,0,0,0,1,0,0,0,0,0,0,0,20.1,29.5,11.8,2,6.1,310,10.6,350,72,38,1015.3,212.8,0
"219",0,0,1,1,0,0,0,0,0,0,0,0,0,0,0,0,0,1,0,0,0,0,0,0,21.4,30.2,13.8,4,5.4,310,10.6,340,68,46,1017.1,140.2,0
"220",0,0,1,1,0,0,0,0,0,0,0,0,0,0,0,0,0,0,1,0,0,0,0,0,24.6,31,17.7,3,5.6,310,12.4,290,69,43,1013.6,195.3,0
"221",0,0,1,1,0,0,0,0,0,0,0,0,0,0,0,0,0,0,0,1,0,0,0,0,27.2,32.9,21.2,7,7.2,320,13.9,320,75,52,1009,186.8,100
"222",0,0,1,1,0,0,0,0,0,0,0,0,0,0,0,0,0,0,0,0,1,0,0,0,29.3,35.8,23.5,9,7.7,150,14.9,150,76,54,1006.9,240.9,400
"223",0,0,1,1,0,0,0,0,0,0,0,0,0,0,0,0,0,0,0,0,0,1,0,0,28.7,33.9,24.5,14,7,170,14.4,220,80,55,1005.9,211.9,500
"224",0,0,1,1,0,0,0,0,0,0,0,0,0,0,0,0,0,0,0,0,0,0,1,0,29.5,34,25,10,9.4,270,21.4,250,76,53,1005.8,235.6,400
"225",0,0,1,1,0,0,0,0,0,0,0,0,0,0,0,0,0,0,0,0,0,0,0,1,28.7,33.7,25.1,8,5.7,310,9.1,300,75,55,1007.9,192,100
"226",0,0,1,1,0,0,0,0,0,0,0,0,0,1,0,0,0,0,0,0,0,0,0,0,27,32.3,22.8,7,4.7,310,7.8,310,77,56,1012.4,167.4,100
"227",0,0,1,1,0,0,0,0,0,0,0,0,0,0,1,0,0,0,0,0,0,0,0,0,25.2,31.4,19.8,10,5.8,150,10.7,160,79,54,1014,130.2,200
"228",0,0,1,1,0,0,0,0,0,0,0,0,0,0,0,1,0,0,0,0,0,0,0,0,20.1,28.7,13.6,6,5.8,350,11.9,20,76,49,1017.8,93.4,0
"229",0,0,1,0,1,0,0,0,0,0,0,0,1,0,0,0,0,0,0,0,0,0,0,0,19.3,28.3,13.3,0,6.7,350,13.3,350,75,49,1017.1,177.1,0
"230",0,0,1,0,1,0,0,0,0,0,0,0,0,0,0,0,1,0,0,0,0,0,0,0,20.1,29.7,12.7,7,7.5,350,15.3,340,76,45,1015.5,165,0
"231",0,0,1,0,1,0,0,0,0,0,0,0,0,0,0,0,0,1,0,0,0,0,0,0,23.6,32.3,15.4,2,6.5,150,11.8,350,71,37,1014.6,216.3,0
"232",0,0,1,0,1,0,0,0,0,0,0,0,0,0,0,0,0,0,1,0,0,0,0,0,26.6,33,21.1,10,7.1,330,13.7,290,77,53,1011.8,174.7,100
"233",0,0,1,0,1,0,0,0,0,0,0,0,0,0,0,0,0,0,0,1,0,0,0,0,28,34,23.3,15,5.6,310,9.3,180,79,55,1008,231.8,300
"234",0,0,1,0,1,0,0,0,0,0,0,0,0,0,0,0,0,0,0,0,1,0,0,0,28.5,34.4,23.8,19,10.8,170,22.4,170,83,56,1004.1,164.5,800
"235",0,0,1,0,1,0,0,0,0,0,0,0,0,0,0,0,0,0,0,0,0,1,0,0,29.5,36.4,25.2,14,8.9,160,16.7,170,77,49,1005.6,230.3,100
"236",0,0,1,0,1,0,0,0,0,0,0,0,0,0,0,0,0,0,0,0,0,0,1,0,28.1,34.1,22.9,22,12.7,310,24.5,310,83,55,1002.9,135.7,800
"237",0,0,1,0,1,0,0,0,0,0,0,0,0,0,0,0,0,0,0,0,0,0,0,1,28.7,33.6,24,3,6.2,350,12,330,73,47,1009,218.8,100
"238",0,0,1,0,1,0,0,0,0,0,0,0,0,1,0,0,0,0,0,0,0,0,0,0,26.6,31.1,21.7,1,5.4,310,8.8,320,69,49,1012.8,211.9,0
"239",0,0,1,0,1,0,0,0,0,0,0,0,0,0,1,0,0,0,0,0,0,0,0,0,24.9,32.1,20,5,5.6,360,10.2,350,75,48,1014.7,168.6,0
"240",0,0,1,0,1,0,0,0,0,0,0,0,0,0,0,1,0,0,0,0,0,0,0,0,21.1,29.6,11,4,7.7,360,17.7,10,74,47,1016.5,160.7,0
"241",0,0,1,0,0,1,0,0,0,0,0,0,1,0,0,0,0,0,0,0,0,0,0,0,19.7,27.9,12.1,0,8.7,340,17.3,340,71,43,1018.2,173,0
"242",0,0,1,0,0,1,0,0,0,0,0,0,0,0,0,0,1,0,0,0,0,0,0,0,22.3,30.1,15.7,0,6.6,320,10.9,330,73,42,1017,207.1,0
"243",0,0,1,0,0,1,0,0,0,0,0,0,0,0,0,0,0,1,0,0,0,0,0,0,23.9,31.1,16.1,5,7.1,360,17.4,330,71,37,1014.9,220.9,0
"244",0,0,1,0,0,1,0,0,0,0,0,0,0,0,0,0,0,0,1,0,0,0,0,0,25.1,31,17.2,8,6.8,340,14.7,280,76,54,1011.8,130.3,100
"245",0,0,1,0,0,1,0,0,0,0,0,0,0,0,0,0,0,0,0,1,0,0,0,0,27.6,32.8,21.6,14,5.8,340,13.9,290,82,66,1009.5,173.6,400
"246",0,0,1,0,0,1,0,0,0,0,0,0,0,0,0,0,0,0,0,0,1,0,0,0,29.8,34.5,25.5,9,9,170,16.8,160,77,57,1006.9,238.6,100
"247",0,0,1,0,0,1,0,0,0,0,0,0,0,0,0,0,0,0,0,0,0,1,0,0,29.7,35.7,24.6,12,9.9,320,18.4,330,75,52,1008.4,248.1,200
"248",0,0,1,0,0,1,0,0,0,0,0,0,0,0,0,0,0,0,0,0,0,0,1,0,29,34.3,23.2,17,10.3,320,19.5,320,81,55,1006.1,185,800
"249",0,0,1,0,0,1,0,0,0,0,0,0,0,0,0,0,0,0,0,0,0,0,0,1,28.6,32.6,22.8,7,9.3,150,20.3,160,77,57,1007.5,219.9,100
"250",0,0,1,0,0,1,0,0,0,0,0,0,0,1,0,0,0,0,0,0,0,0,0,0,26.6,31.5,20.6,2,8.9,340,21.6,340,69,48,1011.3,243.3,0
"251",0,0,1,0,0,1,0,0,0,0,0,0,0,0,1,0,0,0,0,0,0,0,0,0,24.3,30.2,14.7,2,6.9,350,13.1,340,71,39,1015.7,128.3,0
"252",0,0,1,0,0,1,0,0,0,0,0,0,0,0,0,1,0,0,0,0,0,0,0,0,19.9,28.9,12,5,8.4,10,17.8,10,67,35,1016.5,139.1,0
"253",0,0,1,0,0,0,1,0,0,0,0,0,1,0,0,0,0,0,0,0,0,0,0,0,19.5,28.3,11.1,0,5.6,340,10.5,340,64,29,1019,254.8,0
"254",0,0,1,0,0,0,1,0,0,0,0,0,0,0,0,0,1,0,0,0,0,0,0,0,20.3,28.5,11.3,5,7.1,350,13.6,340,70,42,1015.8,184.6,0
"255",0,0,1,0,0,0,1,0,0,0,0,0,0,0,0,0,0,1,0,0,0,0,0,0,22.6,30.6,16.8,2,12.2,320,25.2,310,72,53,1016.2,190.4,100
"256",0,0,1,0,0,0,1,0,0,0,0,0,0,0,0,0,0,0,1,0,0,0,0,0,25.9,31.7,20.2,4,8.9,340,14.5,340,74,55,1012.5,197.8,0
"257",0,0,1,0,0,0,1,0,0,0,0,0,0,0,0,0,0,0,0,1,0,0,0,0,27.8,32.9,21.9,13,6.1,230,14.1,290,78,56,1010.2,192.6,200
"258",0,0,1,0,0,0,1,0,0,0,0,0,0,0,0,0,0,0,0,0,1,0,0,0,29.2,33.6,25,19,7,260,15.7,270,81,57,1004.8,199.4,200
"259",0,0,1,0,0,0,1,0,0,0,0,0,0,0,0,0,0,0,0,0,0,1,0,0,30.3,34.8,25.7,9,12.8,170,23.5,170,78,56,1005.3,256.8,300
"260",0,0,1,0,0,0,1,0,0,0,0,0,0,0,0,0,0,0,0,0,0,0,1,0,29.1,34.1,24.8,18,7.2,170,14.8,200,79,59,1007.5,209.2,900
"261",0,0,1,0,0,0,1,0,0,0,0,0,0,0,0,0,0,0,0,0,0,0,0,1,29.5,37.6,24.6,10,10.6,340,19.7,330,78,45,1008,222,200
"262",0,0,1,0,0,0,1,0,0,0,0,0,0,1,0,0,0,0,0,0,0,0,0,0,27.2,33,22.5,0,6.6,340,10.8,320,70,50,1012.6,268.6,0
"263",0,0,1,0,0,0,1,0,0,0,0,0,0,0,1,0,0,0,0,0,0,0,0,0,25.2,32.2,20.1,1,5.3,310,8.9,320,72,37,1015.1,208,0
"264",0,0,1,0,0,0,1,0,0,0,0,0,0,0,0,1,0,0,0,0,0,0,0,0,20.2,28.6,13.6,7,6.1,10,14.3,340,68,44,1018.9,110.2,0
"265",0,0,1,0,0,0,0,1,0,0,0,0,1,0,0,0,0,0,0,0,0,0,0,0,19.9,27.4,14.1,2,6.9,350,12.9,20,66,35,1019,199.8,0
"266",0,0,1,0,0,0,0,1,0,0,0,0,0,0,0,0,1,0,0,0,0,0,0,0,20.8,29.4,12.3,3,6.7,310,12.4,340,69,37,1017.9,194.8,0
"267",0,0,1,0,0,0,0,1,0,0,0,0,0,0,0,0,0,1,0,0,0,0,0,0,23.6,29.7,17,0,6.5,180,12.2,320,72,55,1016.6,204.6,0
"268",0,0,1,0,0,0,0,1,0,0,0,0,0,0,0,0,0,0,1,0,0,0,0,0,26.2,31.8,18.5,4,7.9,310,14.1,310,70,24,1013.4,259.7,0
"269",0,0,1,0,0,0,0,1,0,0,0,0,0,0,0,0,0,0,0,1,0,0,0,0,28.3,33.6,24.7,11,7.9,280,13.2,280,77,55,1009.6,213.6,300
"270",0,0,1,0,0,0,0,1,0,0,0,0,0,0,0,0,0,0,0,0,1,0,0,0,30.6,34.7,25.9,2,6.8,180,12.2,180,75,60,1008.4,328.7,0
"271",0,0,1,0,0,0,0,1,0,0,0,0,0,0,0,0,0,0,0,0,0,1,0,0,29.5,34.7,25,15,8.8,170,17.6,140,78,60,1005.2,218.7,200
"272",0,0,1,0,0,0,0,1,0,0,0,0,0,0,0,0,0,0,0,0,0,0,1,0,28.8,34.1,23.8,17,16.6,270,31,270,80,58,1005.7,175,500
"273",0,0,1,0,0,0,0,1,0,0,0,0,0,0,0,0,0,0,0,0,0,0,0,1,28.8,33.5,24.5,6,12.3,280,22.1,270,76,54,1009.3,208.7,100
"274",0,0,1,0,0,0,0,1,0,0,0,0,0,1,0,0,0,0,0,0,0,0,0,0,27.7,32.5,23.8,4,4.8,310,8.9,20,76,58,1012.7,193.2,0
"275",0,0,1,0,0,0,0,1,0,0,0,0,0,0,1,0,0,0,0,0,0,0,0,0,26.2,32.9,17.4,2,4.9,310,9.3,350,74,45,1016,198.6,0
"276",0,0,1,0,0,0,0,1,0,0,0,0,0,0,0,1,0,0,0,0,0,0,0,0,22.4,29.7,13.9,3,5.3,350,9.7,30,71,48,1018.1,195.7,0
"277",0,0,1,0,0,0,0,0,1,0,0,0,1,0,0,0,0,0,0,0,0,0,0,0,19.3,27.7,7,12,7.1,360,16,340,76,53,1018.3,120.9,200
"278",0,0,1,0,0,0,0,0,1,0,0,0,0,0,0,0,1,0,0,0,0,0,0,0,19.6,29.2,10.1,4,5.9,340,12.4,10,70,25,1019.6,164.6,0
"279",0,0,1,0,0,0,0,0,1,0,0,0,0,0,0,0,0,1,0,0,0,0,0,0,21.6,29.7,12.8,11,5.8,350,11.8,340,74,39,1016.4,159.1,100
"280",0,0,1,0,0,0,0,0,1,0,0,0,0,0,0,0,0,0,1,0,0,0,0,0,26.9,33,21.8,8,7.2,170,18.4,260,77,57,1011.8,222.1,200
"281",0,0,1,0,0,0,0,0,1,0,0,0,0,0,0,0,0,0,0,1,0,0,0,0,28.9,33.6,24.8,7,6.9,170,11,180,76,58,1009.9,246.5,100
"282",0,0,1,0,0,0,0,0,1,0,0,0,0,0,0,0,0,0,0,0,1,0,0,0,29.7,34.8,24.6,13,7.7,190,13.4,190,79,62,1008.8,255.8,400
"283",0,0,1,0,0,0,0,0,1,0,0,0,0,0,0,0,0,0,0,0,0,1,0,0,30.2,35.1,25.4,10,15.8,320,34.3,340,77,57,1007.1,252.2,300
"284",0,0,1,0,0,0,0,0,1,0,0,0,0,0,0,0,0,0,0,0,0,0,1,0,29.4,34.2,24.8,16,7.8,160,16.6,170,79,56,1003.8,206.6,400
"285",0,0,1,0,0,0,0,0,1,0,0,0,0,0,0,0,0,0,0,0,0,0,0,1,28.4,33.9,23.4,15,17.2,160,39.1,100,81,62,1006.1,172.2,1100
"286",0,0,1,0,0,0,0,0,1,0,0,0,0,1,0,0,0,0,0,0,0,0,0,0,28.4,33,24,13,8.7,160,18.6,140,79,59,1010,185.4,300
"287",0,0,1,0,0,0,0,0,1,0,0,0,0,0,1,0,0,0,0,0,0,0,0,0,25.7,31.9,19.7,3,5.4,30,14.4,30,72,56,1015.1,163.3,100
"288",0,0,1,0,0,0,0,0,1,0,0,0,0,0,0,1,0,0,0,0,0,0,0,0,22.9,30,16.2,2,5.4,320,9.6,350,71,47,1017.1,180.4,0
"289",0,0,1,0,0,0,0,0,0,1,0,0,1,0,0,0,0,0,0,0,0,0,0,0,21.7,28.5,14.7,0,5.1,320,9.8,300,70,45,1018.1,205.1,0
"290",0,0,1,0,0,0,0,0,0,1,0,0,0,0,0,0,1,0,0,0,0,0,0,0,21.1,29.8,13.8,0,6.2,350,11.8,20,67,41,1018.5,166.1,0
"291",0,0,1,0,0,0,0,0,0,1,0,0,0,0,0,0,0,1,0,0,0,0,0,0,23.5,33,17.5,3,6.9,320,12.2,350,69,46,1015.3,200.5,0
"292",0,0,1,0,0,0,0,0,0,1,0,0,0,0,0,0,0,0,1,0,0,0,0,0,25.6,32.7,16.6,6,7,360,16.2,350,71,41,1012.7,209.1,100
"293",0,0,1,0,0,0,0,0,0,1,0,0,0,0,0,0,0,0,0,1,0,0,0,0,28.2,33.5,22.8,8,5.9,320,10.6,170,74,53,1009.8,209.6,100
"294",0,0,1,0,0,0,0,0,0,1,0,0,0,0,0,0,0,0,0,0,1,0,0,0,29.7,34.3,24.9,14,7.4,30,25.6,60,77,61,1008.4,226.8,300
"295",0,0,1,0,0,0,0,0,0,1,0,0,0,0,0,0,0,0,0,0,0,1,0,0,30.4,35.6,24.3,7,12.8,350,24.8,240,71,52,1007.8,241.9,300
"296",0,0,1,0,0,0,0,0,0,1,0,0,0,0,0,0,0,0,0,0,0,0,1,0,30.1,34.7,24.9,13,10.9,150,18.6,150,75,55,1007.1,222,200
"297",0,0,1,0,0,0,0,0,0,1,0,0,0,0,0,0,0,0,0,0,0,0,0,1,30.2,35.1,25.3,8,7.4,310,12.9,140,74,50,1009,235.9,0
"298",0,0,1,0,0,0,0,0,0,1,0,0,0,1,0,0,0,0,0,0,0,0,0,0,28,34.5,21.3,7,6.9,350,11.1,350,73,54,1010.5,213.2,100
"299",0,0,1,0,0,0,0,0,0,1,0,0,0,0,1,0,0,0,0,0,0,0,0,0,25.5,32.1,19.6,4,6.1,350,10.3,360,74,52,1014.4,164.6,0
"300",0,0,1,0,0,0,0,0,0,1,0,0,0,0,0,1,0,0,0,0,0,0,0,0,21.4,29.4,15.5,1,7.7,350,11.8,350,69,49,1017.6,142.5,0
"301",0,0,1,0,0,0,0,0,0,0,1,0,1,0,0,0,0,0,0,0,0,0,0,0,20.4,29.3,10.4,7,9.1,360,16.6,360,72,44,1016.3,149,0
"302",0,0,1,0,0,0,0,0,0,0,1,0,0,0,0,0,1,0,0,0,0,0,0,0,19.8,31.2,10.2,2,8.9,350,13.6,360,67,46,1017.5,136.8,0
"303",0,0,1,0,0,0,0,0,0,0,1,0,0,0,0,0,0,1,0,0,0,0,0,0,23.5,31,12.8,5,8.4,350,14.9,360,65,36,1015,255.7,100
"304",0,0,1,0,0,0,0,0,0,0,1,0,0,0,0,0,0,0,1,0,0,0,0,0,26.3,33.2,17.4,4,7.2,350,12,150,67,45,1013.2,219.9,0
"305",0,0,1,0,0,0,0,0,0,0,1,0,0,0,0,0,0,0,0,1,0,0,0,0,29.1,33.7,23.2,4,6.3,310,10.4,320,72,59,1010.7,289.3,100
"306",0,0,1,0,0,0,0,0,0,0,1,0,0,0,0,0,0,0,0,0,1,0,0,0,29.1,34.2,24.5,14,10.9,180,18.8,180,75,57,1005.5,200.8,800
"307",0,0,1,0,0,0,0,0,0,0,1,0,0,0,0,0,0,0,0,0,0,1,0,0,29.2,33.9,24.3,14,6.9,350,11.5,360,76,60,1004.6,208.6,400
"308",0,0,1,0,0,0,0,0,0,0,1,0,0,0,0,0,0,0,0,0,0,0,1,0,28,34.1,23,26,8.9,230,19.3,200,79,58,1003.2,127.7,1600
"309",0,0,1,0,0,0,0,0,0,0,1,0,0,0,0,0,0,0,0,0,0,0,0,1,29.1,33.7,25.2,10,9.2,360,16.1,360,74,47,1007.8,214,100
"310",0,0,1,0,0,0,0,0,0,0,1,0,0,1,0,0,0,0,0,0,0,0,0,0,26.8,31.2,21,2,9.3,360,17.9,350,70,39,1013.3,222.8,0
"311",0,0,1,0,0,0,0,0,0,0,1,0,0,0,1,0,0,0,0,0,0,0,0,0,25.6,32.1,20.8,2,7.1,360,13,350,73,50,1015.8,177.5,0
"312",0,0,1,0,0,0,0,0,0,0,1,0,0,0,0,1,0,0,0,0,0,0,0,0,23.4,32.4,16,0,6.8,360,9.9,360,70,34,1017.4,200.4,0
"313",0,0,1,0,0,0,0,0,0,0,0,1,1,0,0,0,0,0,0,0,0,0,0,0,21.9,28.8,14.6,4,6.7,310,10.3,360,71,43,1019.2,154.5,0
"314",0,0,1,0,0,0,0,0,0,0,0,1,0,0,0,0,1,0,0,0,0,0,0,0,23.8,31.3,18.7,3,7.3,320,12.2,310,71,32,1017.4,221.1,0
"315",0,0,1,0,0,0,0,0,0,0,0,1,0,0,0,0,0,1,0,0,0,0,0,0,24.1,31.5,17.4,7,7.7,350,13.2,160,73,43,1014.7,206.1,0
"316",0,0,1,0,0,0,0,0,0,0,0,1,0,0,0,0,0,0,1,0,0,0,0,0,26.9,33.3,21,4,7.6,320,15,290,74,47,1012,237.5,100
"317",0,0,1,0,0,0,0,0,0,0,0,1,0,0,0,0,0,0,0,1,0,0,0,0,27.5,33,22.2,14,6.7,160,11.4,360,79,56,1009.3,143.4,200
"318",0,0,1,0,0,0,0,0,0,0,0,1,0,0,0,0,0,0,0,0,1,0,0,0,29.5,34.3,24.4,17,9.2,350,14.7,150,79,58,1006.8,201.1,400
"319",0,0,1,0,0,0,0,0,0,0,0,1,0,0,0,0,0,0,0,0,0,1,0,0,29.3,35.2,23.7,18,7.5,180,14.8,190,81,55,1006,170.2,500
"320",0,0,1,0,0,0,0,0,0,0,0,1,0,0,0,0,0,0,0,0,0,0,1,0,28.8,33.2,25,21,12,160,22.3,160,84,63,1003.2,129.6,700
"321",0,0,1,0,0,0,0,0,0,0,0,1,0,0,0,0,0,0,0,0,0,0,0,1,28.7,32.8,24.5,8,10,360,18.5,340,76,50,1007.8,198.9,200
"322",0,0,1,0,0,0,0,0,0,0,0,1,0,1,0,0,0,0,0,0,0,0,0,0,27.7,31.9,23.3,3,10.5,350,19.1,330,72,55,1013.3,232.7,100
"323",0,0,1,0,0,0,0,0,0,0,0,1,0,0,1,0,0,0,0,0,0,0,0,0,25.1,31.8,19.4,1,5.8,310,8.7,320,70,45,1014.5,215.2,0
"324",0,0,1,0,0,0,0,0,0,0,0,1,0,0,0,1,0,0,0,0,0,0,0,0,21.8,29.6,14.6,4,6.9,350,10.4,10,71,36,1017.8,171,0
